{
    "CanESM5": {
        "ERFari": {
            "BC": 0.03259343948789619,
            "OC": -0.0003466518603792783,
            "SO2": -0.0024876158192160265
        },
        "ERFaci": {
            "beta": 0.7274280578509786,
            "n0": 58.94825676543968,
            "n1": 24.616575857824056
        }
    },
    "CNRM-CM6-1": {
        "ERFari": {
            "BC": -0.040688309134934576,
            "OC": 0.00014552321859805862,
            "SO2": -0.0003742804653413331
        },
        "ERFaci": {
            "beta": 1.5968778235189345,
            "n0": 244.03105331817906,
            "n1": 87.12936590085273
        }
    },
    "E3SM": {
        "ERFari": {
            "BC": 0.024823190264087823,
            "OC": -0.012632191159433646,
            "SO2": -0.0009420910115415229
        },
        "ERFaci": {
            "beta": 2.048199377261758,
            "n0": 155.89801959815736,
            "n1": 71.34331920753066
        }
    },
    "GFDL-CM4": {
        "ERFari": {
            "BC": 0.02685602162643198,
            "OC": -0.002089503100112345,
            "SO2": -0.0026057968480401746
        },
        "ERFaci": {
            "beta": 3.501476398134132,
            "n0": 692.7345545753442,
            "n1": 382.8960367600309
        }
    },
    "GFDL-ESM4": {
        "ERFari": {
            "BC": 0.10170074629567541,
            "OC": -0.03041920333701193,
            "SO2": -0.0026386847412556004
        },
        "ERFaci": {
            "beta": 2756.740612855589,
            "n0": 813394.8293042568,
            "n1": 180390.77478663376
        }
    },
    "GISS-E2-1-G": {
        "ERFari": {
            "BC": 0.14613221319782882,
            "OC": -0.04414859961725643,
            "SO2": -0.006678277836488548
        },
        "ERFaci": {
            "beta": 0.5630170696325686,
            "n0": 117.8858877569476,
            "n1": 16.034015705189493
        }
    },
    "HadGEM3-GC31-LL": {
        "ERFari": {
            "BC": 0.010268053466622911,
            "OC": 0.00146618150497765,
            "SO2": -0.002892076302344093
        },
        "ERFaci": {
            "beta": 1.0040302035750444,
            "n0": 95.41797460378051,
            "n1": 77.19085984673248
        }
    },
    "IPSL-CM6A-LR": {
        "ERFari": {
            "BC": -0.056126117813539884,
            "OC": 0.008852016967235286,
            "SO2": -0.000747602868329672
        },
        "ERFaci": {
            "beta": 1.0971449599566263,
            "n0": 358.2937801353648,
            "n1": 518.892675988078
        }
    },
    "MIROC6": {
        "ERFari": {
            "BC": 0.03872116030778908,
            "OC": -0.014240822658944795,
            "SO2": -0.0017815560575419062
        },
        "ERFaci": {
            "beta": 0.7732396633404592,
            "n0": 117.18234010329991,
            "n1": 35.01198521240085
        }
    },
    "MRI-ESM2-0": {
        "ERFari": {
            "BC": 0.004470192138212715,
            "OC": -0.0100257694140535,
            "SO2": -0.0031965945976130047
        },
        "ERFaci": {
            "beta": 7.40501061533094,
            "n0": 1276.0259342316904,
            "n1": 907.5338727314238
        }
    },
    "NorESM2-LM": {
        "ERFari": {
            "BC": -0.018278722327594112,
            "OC": 0.009748693815190813,
            "SO2": -0.0014571827467178683
        },
        "ERFaci": {
            "beta": 6830.944548735685,
            "n0": 968630.8254844801,
            "n1": 478051.21359199367
        }
    },
    "UKESM1-0-LL": {
        "ERFari": {
            "BC": 0.0025486764590411104,
            "OC": 6.32025380211676e-05,
            "SO2": -0.002388644414646368
        },
        "ERFaci": {
            "beta": 0.7412276674662837,
            "n0": 39.51676447458611,
            "n1": 228.07885995571147
        }
    },
    "mean": {
        "ERFari": {
            "BC": 0.022751711997293124,
            "OC": -0.007802260258597413,
            "SO2": -0.0023492003090896767
        },
        "ERFaci": {
            "beta": 1.2465125318674255,
            "n0": 161.86061477277227,
            "n1": 77.06552689905696
        }
    }
}