,base,CH4,NOx,VOC,HC,N2O,temp
historical_best,10.117027468808288,0.0002540993134641304,-0.002564856220758679,0.0016192635337762614,-5.327376396829393e-06,-0.000722664594975478,-0.040799999999961575
